id,category
0,0.4858869334306751
1,0.3569354159373124
2,0.4851424422025159
3,0.6896645336408501
4,0.7728947131214108
5,0.35284708941268894
6,0.3069644400236513
7,0.3031308329873963
8,0.7106400346775376
9,0.44170130466301594
10,0.565768670077668
11,0.40256470846957804
12,0.2943022479470947
13,0.43946803712903426
14,0.44339627432909234
15,0.8064880611074009
16,0.5647656179984091
17,0.5265943271351148
18,0.3228636796188329
19,0.4817255482907983
